{
  "train_loss": [
    0.6777847816838938,
    0.6513639320345486,
    0.6341187866295085,
    0.6075728009728825,
    0.5963750832221087,
    0.5851281127508949,
    0.5597580949611524,
    0.5380269806174671,
    0.5095261887592428,
    0.48931285607464176,
    0.45984912860919447,
    0.4355342567843549,
    0.42368028510142774,
    0.40080061971264724,
    0.373711376944009,
    0.3604007407146342,
    0.34382564925095616,
    0.3253663300591357,
    0.3063961005605319,
    0.29621149796773405,
    0.280591920894735,
    0.26088058269199205,
    0.25038693034473586,
    0.23740980040062876,
    0.22389772402889588,
    0.21224239096045494,
    0.20226146105457754,
    0.19272812839378328,
    0.18071248048149488,
    0.1764849883997265,
    0.16558989663334453,
    0.1641840565511409,
    0.15700471776482813,
    0.15043087681645856,
    0.14282970470102394,
    0.14196958069634788,
    0.13781981304397478,
    0.13210771777941024,
    0.12681221515488098,
    0.12742394033600302,
    0.12076950993608027,
    0.12062116605503594,
    0.12455598889466594,
    0.1213024128228426,
    0.11517176086850026,
    0.11538940298316233,
    0.11478397154304035,
    0.11519075478153194,
    0.1147282685372321,
    0.11532827140763402
  ],
  "val_loss": [
    0.6559553821425846,
    0.6428645203736153,
    0.6020450138606908,
    0.5666860089711616,
    0.5381048952429796,
    0.5476376677424344,
    0.5011882644775677,
    0.4925775149403397,
    0.4494460216281445,
    0.4875694569046258,
    0.41985517629752894,
    0.4083256354472516,
    0.38488244515922937,
    0.3506553589773038,
    0.33838232020976927,
    0.3511561931340209,
    0.29626606503751446,
    0.27199590859587397,
    0.2886688529602462,
    0.24443095404963774,
    0.22680490196673322,
    0.2114487846801045,
    0.21831156541964758,
    0.18568162876038463,
    0.17928323335299717,
    0.17705708871319567,
    0.1695347892885114,
    0.18246395624806386,
    0.15664840996599286,
    0.16113515559133768,
    0.14029705734706363,
    0.13716934552571716,
    0.13610238716836992,
    0.13216077770255794,
    0.13105877068129246,
    0.1263396176505833,
    0.12363423125271353,
    0.12147434363844682,
    0.12092610718679925,
    0.12729590120244644,
    0.11965023499070629,
    0.1155832803652394,
    0.11305350727416827,
    0.11187761182561179,
    0.11141449721392456,
    0.1108302974496628,
    0.11269075353723045,
    0.11168622376760441,
    0.11072984441347712,
    0.11101713842568509
  ],
  "train_acc": [
    0.5795036764705882,
    0.6193129595588235,
    0.6410845588235294,
    0.6708409926470589,
    0.6836511948529411,
    0.6996208639705882,
    0.7194393382352942,
    0.7343175551470589,
    0.7551125919117647,
    0.7668887867647058,
    0.7833180147058824,
    0.7983111213235294,
    0.8049172794117647,
    0.8203699448529411,
    0.8361098345588235,
    0.8423713235294118,
    0.8489200367647058,
    0.8616727941176471,
    0.8717830882352942,
    0.8748276654411765,
    0.8834443933823529,
    0.8899356617647058,
    0.8950482536764706,
    0.9026309742647058,
    0.9104434742647058,
    0.9147518382352942,
    0.9195772058823529,
    0.9229664522058824,
    0.9291130514705882,
    0.9292279411764706,
    0.9330767463235294,
    0.9344554227941176,
    0.9371553308823529,
    0.9418083639705882,
    0.9431870404411765,
    0.9446231617647058,
    0.9443933823529411,
    0.9482996323529411,
    0.9519186580882353,
    0.9477251838235294,
    0.9524356617647058,
    0.9521484375,
    0.9510569852941176,
    0.9519186580882353,
    0.9545036764705882,
    0.9559397977941176,
    0.9559972426470589,
    0.9554802389705882,
    0.9557674632352942,
    0.9557100183823529
  ],
  "val_acc": [
    0.6068284875966925,
    0.6188316884502534,
    0.6847159242464658,
    0.710856228327554,
    0.7391304347826086,
    0.7431315017337957,
    0.7650040010669512,
    0.7615364097092558,
    0.7906108295545479,
    0.7511336356361696,
    0.8052814083755668,
    0.8143504934649239,
    0.8380901573753001,
    0.8420912243264871,
    0.8511603094158442,
    0.8482261936516404,
    0.8719658575620165,
    0.8845025340090691,
    0.8743664977327287,
    0.9007735396105628,
    0.9066417711389704,
    0.9111763136836489,
    0.9069085089357162,
    0.9245132035209389,
    0.9223793011469725,
    0.9287810082688717,
    0.9303814350493465,
    0.9239797279274473,
    0.9359829287810083,
    0.9351827153907709,
    0.9434515870898906,
    0.9463857028540944,
    0.946919178447586,
    0.9479861296345692,
    0.9453187516671112,
    0.949586556415044,
    0.953587623366231,
    0.9490530808215524,
    0.9517204587890103,
    0.9485196052280608,
    0.9551880501467058,
    0.9551880501467058,
    0.9551880501467058,
    0.9583889037076554,
    0.9567884769271806,
    0.9583889037076554,
    0.9559882635369432,
    0.9570552147239264,
    0.9578554281141638,
    0.9570552147239264
  ],
  "lr": [
    0.001,
    0.0009990133642141358,
    0.000996057350657239,
    0.0009911436253643444,
    0.0009842915805643156,
    0.0009755282581475769,
    0.0009648882429441258,
    0.0009524135262330099,
    0.0009381533400219318,
    0.0009221639627510075,
    0.0009045084971874736,
    0.0008852566213878945,
    0.0008644843137107056,
    0.0008422735529643443,
    0.0008187119948743448,
    0.0007938926261462366,
    0.0007679133974894982,
    0.0007408768370508576,
    0.0007128896457825362,
    0.0006840622763423389,
    0.0006545084971874735,
    0.0006243449435824271,
    0.0005936906572928622,
    0.000562666616782152,
    0.0005313952597646566,
    0.0004999999999999998,
    0.00046860474023534314,
    0.00043733338321784774,
    0.00040630934270713756,
    0.00037565505641757246,
    0.00034549150281252633,
    0.00031593772365766105,
    0.00028711035421746355,
    0.0002591231629491422,
    0.00023208660251050145,
    0.00020610737385376337,
    0.00018128800512565502,
    0.00015772644703565555,
    0.00013551568628929425,
    0.00011474337861210535,
    9.549150281252626e-05,
    7.783603724899252e-05,
    6.184665997806817e-05,
    4.7586473766990294e-05,
    3.5111757055874305e-05,
    2.4471741852423218e-05,
    1.5708419435684507e-05,
    8.856374635655634e-06,
    3.942649342761115e-06,
    9.866357858642198e-07
  ]
}